-- BEGIN;
-- ALTER TABLE public.users DISABLE TRIGGER ALL;
-- ALTER TABLE public.uploads DISABLE TRIGGER ALL;
-- -- now the RI over table b is disabled
--
-- INSERT INTO public.users (id, created_at, deleted_at, updated_at, username, email, phone, password, role, first_name, last_name, full_name, birthday, city, country, image_url, bg_url, activation_key, reset_key, enabled, locked, image_upload_id, bg_upload_id) VALUES ('9f6b0aee-cde1-48f8-8129-6f0111a7ac58', '2019-11-06 19:24:16.737385', null, '2019-11-06 19:25:37.562939', 'JaneDoe', 'jane.doe@example.com', null, '$2a$10$pI/M3vfUl.LBm1RUk1Uj4eyErnxYeToTCrmAF0JHm0yDAOiJ5.TfG', 'USER', 'Jane', 'Doe', 'Jane Doe', '2019-11-06 19:25:36.095000', 'Bialystok', 'PL', 'https://www.googleapis.com/download/storage/v1/b/devnews-image-bucket/o/a6c4c440-0d83-41f3-834b-5d23f550d19e-avatar.jpg?generation=1573064720611859&alt=media', 'https://www.googleapis.com/download/storage/v1/b/devnews-image-bucket/o/c8290c96-1ed8-411a-ac0a-74de0b05933c-backround.jpg?generation=1573064723637201&alt=media', null, null, true, false, 'e8d51aca-7f7e-4228-8676-724b845e702b', '178de793-5284-482e-8741-094d17beebf1');
-- INSERT INTO public.users (id, created_at, deleted_at, updated_at, username, email, phone, password, role, first_name, last_name, full_name, birthday, city, country, image_url, bg_url, activation_key, reset_key, enabled, locked, image_upload_id, bg_upload_id) VALUES ('08988379-4ed8-44ec-bfec-eb3301bda635', '2019-11-06 19:26:14.230756', null, '2019-11-06 19:26:52.374271', 'JohnDoe', 'john.doe@example.com', null, '$2a$10$LlVp1wmHx4ahnS9qDIVxRex17xErPkSHDa/6DzfneqqET5Z56ehgC', 'USER', 'John', 'Doe', 'John Doe', '2019-11-06 19:26:50.708000', 'Bialystok', 'PL', 'https://www.googleapis.com/download/storage/v1/b/devnews-image-bucket/o/a852570e-5626-4e0f-8f60-f6bd7e530151-guardians_of_the_galaxy_enot_oruzhie_agressiya_104117_3840x2400.jpg?generation=1573064800288384&alt=media', 'https://www.googleapis.com/download/storage/v1/b/devnews-image-bucket/o/9781d333-8679-4f5e-b8e7-547eb6dadcc3-deer_art_vector_134088_3840x2400.jpg?generation=1573064802922147&alt=media', null, null, true, false, '0b83a14c-411b-4b1a-b051-92f17e82cedf', '2c82ef9d-2cc2-4b5d-8759-0e3f71d1d24d');
--
-- INSERT INTO public.uploads (id, created_at, deleted_at, updated_at, url, bucket, filename, generation, user_id, post_id) VALUES ('e8d51aca-7f7e-4228-8676-724b845e702b', '2019-11-06 19:25:20.880362', null, '2019-11-06 19:24:25.302626', 'https://www.googleapis.com/download/storage/v1/b/devnews-image-bucket/o/a6c4c440-0d83-41f3-834b-5d23f550d19e-avatar.jpg?generation=1573064720611859&alt=media', 'devnews-image-bucket', 'a6c4c440-0d83-41f3-834b-5d23f550d19e-avatar.jpg', 1573064720611859, '08988379-4ed8-44ec-bfec-eb3301bda635', null);
-- INSERT INTO public.uploads (id, created_at, deleted_at, updated_at, url, bucket, filename, generation, user_id, post_id) VALUES ('178de793-5284-482e-8741-094d17beebf1', '2019-11-06 19:25:23.744076', null, '2019-11-06 19:25:20.882787', 'https://www.googleapis.com/download/storage/v1/b/devnews-image-bucket/o/c8290c96-1ed8-411a-ac0a-74de0b05933c-backround.jpg?generation=1573064723637201&alt=media', 'devnews-image-bucket', 'c8290c96-1ed8-411a-ac0a-74de0b05933c-backround.jpg', 1573064723637201, '08988379-4ed8-44ec-bfec-eb3301bda635', null);
-- INSERT INTO public.uploads (id, created_at, deleted_at, updated_at, url, bucket, filename, generation, user_id, post_id) VALUES ('0b83a14c-411b-4b1a-b051-92f17e82cedf', '2019-11-06 19:26:40.407282', null, '2019-11-06 19:26:23.524292', 'https://www.googleapis.com/download/storage/v1/b/devnews-image-bucket/o/a852570e-5626-4e0f-8f60-f6bd7e530151-guardians_of_the_galaxy_enot_oruzhie_agressiya_104117_3840x2400.jpg?generation=1573064800288384&alt=media', 'devnews-image-bucket', 'a852570e-5626-4e0f-8f60-f6bd7e530151-guardians_of_the_galaxy_enot_oruzhie_agressiya_104117_3840x2400.jpg', 1573064800288384, '08988379-4ed8-44ec-bfec-eb3301bda635', null);
-- INSERT INTO public.uploads (id, created_at, deleted_at, updated_at, url, bucket, filename, generation, user_id, post_id) VALUES ('2c82ef9d-2cc2-4b5d-8759-0e3f71d1d24d', '2019-11-06 19:26:43.106826', null, '2019-11-06 19:26:23.524292', 'https://www.googleapis.com/download/storage/v1/b/devnews-image-bucket/o/9781d333-8679-4f5e-b8e7-547eb6dadcc3-deer_art_vector_134088_3840x2400.jpg?generation=1573064802922147&alt=media', 'devnews-image-bucket', '9781d333-8679-4f5e-b8e7-547eb6dadcc3-deer_art_vector_134088_3840x2400.jpg', 1573064802922147, '08988379-4ed8-44ec-bfec-eb3301bda635', null);
--
-- -- John owner
-- insert into public.groups (id, name, value, owner_id, bg_url, image_url, created_at, about) values ('971e691f-a854-44d6-8fd2-4f84efa4ebef', 'Stim', 'crandals4', '08988379-4ed8-44ec-bfec-eb3301bda635', 'http://dummyimage.com/1920x1080.bmp/dddddd/000000', 'http://dummyimage.com/400x400.jpg/ff4444/ffffff', '2019-11-01 09:38:14', 'Nunc rhoncus dui vel sem. Sed sagittis. Nam congue, risus semper porta volutpat, quam pede lobortis ligula, sit amet eleifend pede libero quis orci. Nullam molestie nibh in lectus. Pellentesque at nulla. Suspendisse potenti.');
-- insert into public.groups (id, name, value, owner_id, bg_url, image_url, created_at, about) values ('d94a5fa8-116f-4be7-942a-20f00caf0fb5', 'Tampflex', 'sglasspool5', '08988379-4ed8-44ec-bfec-eb3301bda635', 'http://dummyimage.com/1920x1080.png/dddddd/000000', 'http://dummyimage.com/400x400.png/5fa2dd/ffffff', '2019-06-30 02:14:34', 'Suspendisse potenti. Nullam porttitor lacus at turpis. Donec posuere metus vitae ipsum. Aliquam non mauris. Morbi non lectus. Aliquam sit amet diam in magna bibendum imperdiet.');
-- insert into public.groups (id, name, value, owner_id, bg_url, image_url, created_at, about) values ('e22979d7-0fa3-44f1-8bc7-e2094a6068be', 'Viva', 'wdoll6', '08988379-4ed8-44ec-bfec-eb3301bda635', 'http://dummyimage.com/1920x1080.jpg/cc0000/ffffff', 'http://dummyimage.com/400x400.jpg/5fa2dd/ffffff', '2019-02-20 11:00:17', 'Donec ut mauris eget massa tempor convallis. Nulla neque libero, convallis eget, eleifend luctus, ultricies eu, nibh. Quisque id justo sit amet sapien dignissim vestibulum. Vestibulum ante ipsum primis in faucibus orci luctus et ultrices posuere cubilia Curae; Nulla dapibus dolor vel est. Donec odio justo, sollicitudin ut, suscipit a, feugiat et, eros. Vestibulum ac est lacinia nisi venenatis tristique. Fusce congue, diam id ornare imperdiet, sapien urna pretium nisl, ut volutpat sapien arcu sed augue. Aliquam erat volutpat. In congue.');
-- insert into public.groups (id, name, value, owner_id, bg_url, image_url, created_at, about) values ('5f3cfcea-3af8-40d5-a3b5-abd8053d7134', 'Asoka', 'dfacchini7', '08988379-4ed8-44ec-bfec-eb3301bda635', 'http://dummyimage.com/1920x1080.bmp/cc0000/ffffff', 'http://dummyimage.com/400x400.bmp/5fa2dd/ffffff', '2019-03-23 06:18:41', 'In blandit ultrices enim. Lorem ipsum dolor sit amet, consectetuer adipiscing elit. Proin interdum mauris non ligula pellentesque ultrices. Phasellus id sapien in sapien iaculis congue. Vivamus metus arcu, adipiscing molestie, hendrerit at, vulputate vitae, nisl. Aenean lectus. Pellentesque eget nunc. Donec quis orci eget orci vehicula condimentum.');
-- insert into public.groups (id, name, value, owner_id, bg_url, image_url, created_at, about) values ('8d97865e-4ef9-4512-a9b1-6c81b1580e78', 'Zamit', 'lduckerin8', '08988379-4ed8-44ec-bfec-eb3301bda635', 'http://dummyimage.com/1920x1080.png/5fa2dd/ffffff', 'http://dummyimage.com/400x400.bmp/cc0000/ffffff', '2019-07-19 15:02:22', 'Nulla facilisi. Cras non velit nec nisi vulputate nonummy. Maecenas tincidunt lacus at velit. Vivamus vel nulla eget eros elementum pellentesque. Quisque porta volutpat erat. Quisque erat eros, viverra eget, congue eget, semper rutrum, nulla. Nunc purus. Phasellus in felis.');
-- insert into public.groups (id, name, value, owner_id, bg_url, image_url, created_at, about) values ('c6e7e388-c2da-4c7b-836c-266a623a9935', 'Tin', 'kmacgilrewy9', '08988379-4ed8-44ec-bfec-eb3301bda635', 'http://dummyimage.com/1920x1080.png/ff4444/ffffff', 'http://dummyimage.com/400x400.png/dddddd/000000', '2019-10-31 07:07:31', 'Vestibulum ante ipsum primis in faucibus orci luctus et ultrices posuere cubilia Curae; Duis faucibus accumsan odio. Curabitur convallis. Duis consequat dui nec nisi volutpat eleifend. Donec ut dolor. Morbi vel lectus in quam fringilla rhoncus. Mauris enim leo, rhoncus sed, vestibulum sit amet, cursus id, turpis. Integer aliquet, massa id lobortis convallis, tortor risus dapibus augue, vel accumsan tellus nisi eu orci. Mauris lacinia sapien quis libero. Nullam sit amet turpis elementum ligula vehicula consequat.');
-- insert into public.groups (id, name, value, owner_id, bg_url, image_url, created_at, about) values ('4fe2f78a-2fb9-4e45-8f6f-e6a1c00c5b58', 'Veribet', 'dvanyarkina', '08988379-4ed8-44ec-bfec-eb3301bda635', 'http://dummyimage.com/1920x1080.jpg/cc0000/ffffff', 'http://dummyimage.com/400x400.png/5fa2dd/ffffff', '2019-11-17 00:07:55', 'Vestibulum quam sapien, varius ut, blandit non, interdum in, ante. Vestibulum ante ipsum primis in faucibus orci luctus et ultrices posuere cubilia Curae; Duis faucibus accumsan odio. Curabitur convallis. Duis consequat dui nec nisi volutpat eleifend. Donec ut dolor. Morbi vel lectus in quam fringilla rhoncus. Mauris enim leo, rhoncus sed, vestibulum sit amet, cursus id, turpis. Integer aliquet, massa id lobortis convallis, tortor risus dapibus augue, vel accumsan tellus nisi eu orci.');
-- insert into public.groups (id, name, value, owner_id, bg_url, image_url, created_at, about) values ('ee87fb9e-c38e-4934-b9ba-7e658df05824', 'Latlux', 'vmiddasb', '08988379-4ed8-44ec-bfec-eb3301bda635', 'http://dummyimage.com/1920x1080.jpg/ff4444/ffffff', 'http://dummyimage.com/400x400.png/ff4444/ffffff', '2019-09-01 05:49:39', 'Donec semper sapien a libero. Nam dui. Proin leo odio, porttitor id, consequat in, consequat ut, nulla. Sed accumsan felis. Ut at dolor quis odio consequat varius. Integer ac leo. Pellentesque ultrices mattis odio. Donec vitae nisi. Nam ultrices, libero non mattis pulvinar, nulla pede ullamcorper augue, a suscipit nulla elit ac nulla.');
-- insert into public.groups (id, name, value, owner_id, bg_url, image_url, created_at, about) values ('d3fb10ca-ad73-496b-9222-50cfc4c3a29d', 'Span', 'bwagerc', '08988379-4ed8-44ec-bfec-eb3301bda635', 'http://dummyimage.com/1920x1080.png/cc0000/ffffff', 'http://dummyimage.com/400x400.bmp/dddddd/000000', '2020-01-01 14:22:18', 'Aenean auctor gravida sem. Praesent id massa id nisl venenatis lacinia. Aenean sit amet justo. Morbi ut odio. Cras mi pede, malesuada in, imperdiet et, commodo vulputate, justo. In blandit ultrices enim. Lorem ipsum dolor sit amet, consectetuer adipiscing elit.');
-- insert into public.groups (id, name, value, owner_id, bg_url, image_url, created_at, about) values ('a1666378-761a-4b3e-bcd9-c5bf4a4cc94e', 'Stronghold', 'llawesd', '08988379-4ed8-44ec-bfec-eb3301bda635', 'http://dummyimage.com/1920x1080.png/5fa2dd/ffffff', 'http://dummyimage.com/400x400.jpg/dddddd/000000', '2019-03-20 01:00:21', 'Phasellus in felis. Donec semper sapien a libero. Nam dui. Proin leo odio, porttitor id, consequat in, consequat ut, nulla. Sed accumsan felis. Ut at dolor quis odio consequat varius. Integer ac leo. Pellentesque ultrices mattis odio.');
-- insert into public.groups (id, name, value, owner_id, bg_url, image_url, created_at, about) values ('2b07aa8e-466f-42bd-a544-cf494a35035f', 'Kanlam', 'eprinne', '08988379-4ed8-44ec-bfec-eb3301bda635', 'http://dummyimage.com/1920x1080.bmp/dddddd/000000', 'http://dummyimage.com/400x400.bmp/dddddd/000000', '2019-04-27 02:31:14', 'Donec ut dolor. Morbi vel lectus in quam fringilla rhoncus. Mauris enim leo, rhoncus sed, vestibulum sit amet, cursus id, turpis. Integer aliquet, massa id lobortis convallis, tortor risus dapibus augue, vel accumsan tellus nisi eu orci. Mauris lacinia sapien quis libero. Nullam sit amet turpis elementum ligula vehicula consequat. Morbi a ipsum. Integer a nibh. In quis justo.');
-- insert into public.groups (id, name, value, owner_id, bg_url, image_url, created_at, about) values ('f2b8afa2-7809-4cff-be2c-e23f73a9448f', 'Span', 'sbygreavesf', '08988379-4ed8-44ec-bfec-eb3301bda635', 'http://dummyimage.com/1920x1080.bmp/cc0000/ffffff', 'http://dummyimage.com/400x400.bmp/dddddd/000000', '2019-07-19 08:27:24', 'Vivamus in felis eu sapien cursus vestibulum. Proin eu mi. Nulla ac enim. In tempor, turpis nec euismod scelerisque, quam turpis adipiscing lorem, vitae mattis nibh ligula nec sem. Duis aliquam convallis nunc. Proin at turpis a pede posuere nonummy. Integer non velit. Donec diam neque, vestibulum eget, vulputate ut, ultrices vel, augue. Vestibulum ante ipsum primis in faucibus orci luctus et ultrices posuere cubilia Curae; Donec pharetra, magna vestibulum aliquet ultrices, erat tortor sollicitudin mi, sit amet lobortis sapien sapien non mi.');
-- insert into public.groups (id, name, value, owner_id, bg_url, image_url, created_at, about) values ('a79ac0a8-3c47-41ad-b528-da4185f261ce', 'Voyatouch', 'sborrottg', '08988379-4ed8-44ec-bfec-eb3301bda635', 'http://dummyimage.com/1920x1080.bmp/5fa2dd/ffffff', 'http://dummyimage.com/400x400.png/5fa2dd/ffffff', '2019-03-11 22:30:59', 'Nulla ac enim. In tempor, turpis nec euismod scelerisque, quam turpis adipiscing lorem, vitae mattis nibh ligula nec sem. Duis aliquam convallis nunc. Proin at turpis a pede posuere nonummy. Integer non velit. Donec diam neque, vestibulum eget, vulputate ut, ultrices vel, augue. Vestibulum ante ipsum primis in faucibus orci luctus et ultrices posuere cubilia Curae; Donec pharetra, magna vestibulum aliquet ultrices, erat tortor sollicitudin mi, sit amet lobortis sapien sapien non mi.');
-- insert into public.groups (id, name, value, owner_id, bg_url, image_url, created_at, about) values ('0cb365bb-a787-4bbc-99fb-a62e11d48abf', 'Treeflex', 'dshankleh', '08988379-4ed8-44ec-bfec-eb3301bda635', 'http://dummyimage.com/1920x1080.jpg/5fa2dd/ffffff', 'http://dummyimage.com/400x400.png/dddddd/000000', '2019-05-03 13:37:01', 'Duis mattis egestas metus. Aenean fermentum. Donec ut mauris eget massa tempor convallis. Nulla neque libero, convallis eget, eleifend luctus, ultricies eu, nibh. Quisque id justo sit amet sapien dignissim vestibulum. Vestibulum ante ipsum primis in faucibus orci luctus et ultrices posuere cubilia Curae; Nulla dapibus dolor vel est. Donec odio justo, sollicitudin ut, suscipit a, feugiat et, eros.');
-- insert into public.groups (id, name, value, owner_id, bg_url, image_url, created_at, about) values ('db9d3b57-1293-4474-b9d3-8f34cede6df7', 'Job', 'jlaurenceaui', '08988379-4ed8-44ec-bfec-eb3301bda635', 'http://dummyimage.com/1920x1080.jpg/cc0000/ffffff', 'http://dummyimage.com/400x400.bmp/5fa2dd/ffffff', '2019-12-24 08:05:21', 'Integer ac neque. Duis bibendum. Morbi non quam nec dui luctus rutrum. Nulla tellus. In sagittis dui vel nisl. Duis ac nibh. Fusce lacus purus, aliquet at, feugiat non, pretium quis, lectus. Suspendisse potenti. In eleifend quam a odio. In hac habitasse platea dictumst.');
-- insert into public.groups (id, name, value, owner_id, bg_url, image_url, created_at, about) values ('c915fca6-de0b-42fb-88e4-54249e0f8694', 'Home Ing', 'jriggollj', '08988379-4ed8-44ec-bfec-eb3301bda635', 'http://dummyimage.com/1920x1080.png/5fa2dd/ffffff', 'http://dummyimage.com/400x400.bmp/5fa2dd/ffffff', '2019-02-09 21:49:55', 'In est risus, auctor sed, tristique in, tempus sit amet, sem. Fusce consequat. Nulla nisl. Nunc nisl. Duis bibendum, felis sed interdum venenatis, turpis enim blandit mi, in porttitor pede justo eu massa. Donec dapibus. Duis at velit eu est congue elementum. In hac habitasse platea dictumst. Morbi vestibulum, velit id pretium iaculis, diam erat fermentum justo, nec condimentum neque sapien placerat ante. Nulla justo.');
-- insert into public.groups (id, name, value, owner_id, bg_url, image_url, created_at, about) values ('a2a6ef5c-74e7-4aad-9dc4-9aaa89c3612e', 'Bitchip', 'gwoolmingtonk', '08988379-4ed8-44ec-bfec-eb3301bda635', 'http://dummyimage.com/1920x1080.bmp/5fa2dd/ffffff', 'http://dummyimage.com/400x400.bmp/cc0000/ffffff', '2019-08-29 14:10:00', 'Integer ac neque. Duis bibendum. Morbi non quam nec dui luctus rutrum. Nulla tellus. In sagittis dui vel nisl. Duis ac nibh. Fusce lacus purus, aliquet at, feugiat non, pretium quis, lectus. Suspendisse potenti. In eleifend quam a odio.');
--
--
-- -- Jane Groups
-- -- owner
-- insert into public.groups (id, name, value, owner_id, bg_url, image_url, created_at, about) values ('81d42368-325e-4eb8-b389-699173d39665', 'Zamit', 'mparkman3', '9f6b0aee-cde1-48f8-8129-6f0111a7ac58', 'http://dummyimage.com/1920x1080.bmp/5fa2dd/ffffff', 'http://dummyimage.com/400x400.png/5fa2dd/ffffff', '2019-04-02 02:18:28', 'Nulla tempus. Vivamus in felis eu sapien cursus vestibulum. Proin eu mi. Nulla ac enim. In tempor, turpis nec euismod scelerisque, quam turpis adipiscing lorem, vitae mattis nibh ligula nec sem. Duis aliquam convallis nunc. Proin at turpis a pede posuere nonummy.');
-- -- subs
-- insert into public.groups (id, name, value, owner_id, bg_url, image_url, created_at, about) values ('f3649c31-1a47-49fc-af23-60884df95ae8', 'Wrapsafe', 'mmathonnet0', '08988379-4ed8-44ec-bfec-eb3301bda635', 'http://dummyimage.com/1920x1080.jpg/dddddd/000000', 'http://dummyimage.com/400x400.jpg/dddddd/000000', '2019-08-21 10:14:56', 'In blandit ultrices enim. Lorem ipsum dolor sit amet, consectetuer adipiscing elit. Proin interdum mauris non ligula pellentesque ultrices. Phasellus id sapien in sapien iaculis congue. Vivamus metus arcu, adipiscing molestie, hendrerit at, vulputate vitae, nisl. Aenean lectus. Pellentesque eget nunc. Donec quis orci eget orci vehicula condimentum. Curabitur in libero ut massa volutpat convallis. Morbi odio odio, elementum eu, interdum eu, tincidunt in, leo.');
-- insert into public.groups (id, name, value, owner_id, bg_url, image_url, created_at, about) values ('f72afb5e-e955-4eb1-bf84-a15f947508e3', 'Pannier', 'alunk1', '08988379-4ed8-44ec-bfec-eb3301bda635', 'http://dummyimage.com/1920x1080.bmp/dddddd/000000', 'http://dummyimage.com/400x400.jpg/ff4444/ffffff', '2019-07-06 03:08:14', 'In hac habitasse platea dictumst. Etiam faucibus cursus urna. Ut tellus. Nulla ut erat id mauris vulputate elementum. Nullam varius. Nulla facilisi. Cras non velit nec nisi vulputate nonummy. Maecenas tincidunt lacus at velit. Vivamus vel nulla eget eros elementum pellentesque.');
-- insert into public.groups (id, name, value, owner_id, bg_url, image_url, created_at, about) values ('ee9a362b-b472-428d-b9f3-8e703dd133c5', 'Stim', 'nliven2', '08988379-4ed8-44ec-bfec-eb3301bda635', 'http://dummyimage.com/1920x1080.bmp/dddddd/000000', 'http://dummyimage.com/400x400.png/cc0000/ffffff', '2019-01-22 15:05:53', 'In eleifend quam a odio. In hac habitasse platea dictumst. Maecenas ut massa quis augue luctus tincidunt. Nulla mollis molestie lorem. Quisque ut erat. Curabitur gravida nisi at nibh. In hac habitasse platea dictumst. Aliquam augue quam, sollicitudin vitae, consectetuer eget, rutrum at, lorem.');
--
-- insert into public.group_user (user_id, group_id) values ('9f6b0aee-cde1-48f8-8129-6f0111a7ac58', 'f3649c31-1a47-49fc-af23-60884df95ae8');
-- insert into public.group_user (user_id, group_id) values ('9f6b0aee-cde1-48f8-8129-6f0111a7ac58', 'f72afb5e-e955-4eb1-bf84-a15f947508e3');
-- insert into public.group_user (user_id, group_id) values ('9f6b0aee-cde1-48f8-8129-6f0111a7ac58', 'ee9a362b-b472-428d-b9f3-8e703dd133c5');
--
-- insert into public.posts (id, created_at, deleted_at, updated_at, update_date, publish_date, image_url, text, title, publisher_id, group_id) VALUES ('cf032528-2eee-4f9e-8a30-fb6334daeee5', '2020-02-07 12:49:44.837430', null, null, null, '2020-02-07 12:49:44.830326', 'https://i.ibb.co/QFrwvRn/e891400c-1e58-4c72-a384-d85b301a6432-0-t50-O9-Lc3su-HAp3q-Q.jpg', '<p>Hello guys, another year is approaching and it’s a good time to look back and retrospect what you have achieved in last year and what you could have done better.</p><p>This will help you to create your goals for 2020. As a programmer, your biggest challenge is to keep yourself up-to-date. Technology changes very fast and you will see a new version of your favorite programming language and framework coming to every year.</p><p>For Java developers, last, a couple of years has brought plentiful changes and posed a challenge with keeping up-to-date with new Java version every 6 months,&nbsp;<a href="https://javarevisited.blogspot.com/2018/06/top-6-spring-framework-online-courses-Java-programmers.html" rel="noopener noreferrer nofollow">Spring 5</a>,&nbsp;<a href="https://javarevisited.blogspot.com/2017/06/3-best-spring-security-online-training-courses-java-programmers.html#axzz5ajt7Ig3L" rel="noopener noreferrer nofollow">Spring Security 5</a>, and&nbsp;<a href="https://javarevisited.blogspot.com/2018/05/top-5-courses-to-learn-spring-boot-in.html" rel="noopener noreferrer nofollow">Spring Boot 2</a>&nbsp;etc.<br><br>When I started 2019, I thought Java 9 was new and before I could finish learning Java 9 completely, Java 10 and Java 11 was already out.</p><p>So, they came really fast but came with a lot of interesting features like&nbsp;<a href="http://javarevisited.blogspot.sg/2018/03/finally-java-10-has-var-to-declare-local-variables.html" rel="noopener noreferrer nofollow">var with local variables</a>, API enhancements, GC improvement, Thread Local handshake and many more. I have documented them&nbsp;<a href="https://javarevisited.blogspot.sg/2018/03/java-10-released-10-new-features-java.html#axzz5ALJyiIAt" rel="noopener noreferrer nofollow">here</a>&nbsp;and I am really excited to use those in 2020.<br><br>Same goes with Spring framework and Spring Security, I didn’t know all the changes on&nbsp;<a href="http://www.java67.com/2017/11/top-5-free-core-spring-mvc-courses-learn-online.html" rel="noopener noreferrer nofollow">Spring 4.0</a>&nbsp;and&nbsp;<a href="http://www.java67.com/2017/12/top-5-spring-security-online-training-courses.html" rel="noopener noreferrer nofollow">Spring Security 4.0</a>, my project was still using Spring Security 3.1 and boom we now we have version 5.0 for both Spring and Spring security.<br><br>My learning speed has slowed down a little bit in last a couple of years and I haven’t managed to keep myself up-to-date with the latest and greatest like I am yet to get comfortable with&nbsp;<a href="https://javarevisited.blogspot.com/2018/01/5-free-git-courses-for-programmers-to-learn-online.html" rel="noopener noreferrer nofollow">Git</a>, JavaScript frameworks like&nbsp;<a href="https://javarevisited.blogspot.com/2018/06/5-best-courses-to-learn-angular.html" rel="noopener noreferrer nofollow">Angular</a>&nbsp;and&nbsp;<a href="https://javarevisited.blogspot.com/2018/08/top-5-react-js-and-redux-courses-to-learn-online.html" rel="noopener noreferrer nofollow">React</a>, latest changes on unit and integration testing space and new version of popular framework e.g. Spring, Spring Security, and Spring Boot.<br><br>I managed to catch up many of those last years, hence, 2020 will be all about consolidation and keeping myself up-to-date with things which matters most on the technology side, improving my toolset chain and exploring the&nbsp;<a href="https://javarevisited.blogspot.com/2018/09/10-devops-courses-for-experienced-java-developers.html" rel="noopener noreferrer nofollow">DevOps</a>&nbsp;landscape</p><p><img src="https://i.ibb.co/wr7QLZp/29b2c62e-c842-49f8-aa18-78287e96c93f-1-CDb-W6b7-AGp-D-i-W44-IOd-Dw.png" alt="1_CDbW6b7-AGpD_iW44IOdDw.png"></p><p></p><p>What Java Programmers should learn in 2020</p><h2>Here is my list of things a Java developer should learn in 2020:<br><strong><br>1. DevOps</strong></h2><p>This is one area where I am seeing a lot of traction last year as more and more company are moving into DevOps and adopting continuous integration and deployment.<br><br>DevOps is very vast and you need to learn a lot of tools and principles and that’s what overwhelm many developers but you don’t need to worry. I have shared a&nbsp;<a href="https://javarevisited.blogspot.com/2018/09/the-2018-devops-roadmap-your-guide-to-become-DevOps-Engineer.html" rel="noopener noreferrer nofollow"><strong>DevOps RoadMap</strong></a>&nbsp;which you can follow to learn and master DevOps at your own speed.<br><br>This means if you are an experienced Java programmer with a passion for managing the environment, automation and improving overall structure, you can become a DevOps Engineer.<br><br>If you are looking for some awesome resources then&nbsp;<a href="https://click.linksynergy.com/fs-bin/click?id=JVFxdTr9V80&amp;subid=0&amp;offerid=323058.1&amp;type=10&amp;tmpid=14538&amp;RD_PARM1=https%3A%2F%2Fwww.udemy.com%2Fthe-complete-jenkins-course-for-developers-and-devops%2F" rel="noopener noreferrer nofollow"><strong>Master Jenkins CI For DevOps and Developers</strong></a>&nbsp;is a great course to start with, particularly for Java developers.</p><p><img src="https://i.ibb.co/QFrwvRn/e891400c-1e58-4c72-a384-d85b301a6432-0-t50-O9-Lc3su-HAp3q-Q.jpg" alt="0_t50O9Lc3suHAp3qQ.jpg"></p><p><strong>2. Git</strong></p><p>Git and Github have been around some time and while I have used Git in past with&nbsp;<a href="http://www.java67.com/2018/02/5-free-eclipse-and-junit-online-courses-java-developers.html" rel="noopener noreferrer nofollow">Eclipse</a>, but I am yet to become master of Git on the command line.<br><br>Why I haven’t mastered Git so far? Simply because I didn’t need it yet. I have occasionally downloaded projects from Github and run from Eclipse but I am still not so great with Git commands, particularly reverting changes and handling errors.<br><br>Since now most of the companies are migrating their projects from SVN, CVS to Git, its high time to learn and master Git. I have recently purchased the&nbsp;<a href="https://click.linksynergy.com/fs-bin/click?id=JVFxdTr9V80&amp;subid=0&amp;offerid=323058.1&amp;type=10&amp;tmpid=14538&amp;RD_PARM1=https%3A%2F%2Fwww.udemy.com%2Fgit-complete%2F" rel="noopener noreferrer nofollow"><strong>Git Complete: The definitive, step-by-step guide to Git</strong></a>&nbsp;from Udemy on their last 10$ sale and this would be the first item to complete in 2020.</p><p>If you are in the same boat and want to learn or improve your Git skill in 2020, do check out that course from Udemy, it’s very handy.</p><p><img src="https://i.ibb.co/XLJFxfn/ae2435d6-d05d-49d2-9386-3f753e952114-0-Ipyep-Do-ZZ-e5ig-MB.png" alt="0_IpyepDoZZ_e5igMB.png"></p><p><strong>3. Java 9, 10, 11 or maybe 12</strong></p><p>As I said, I am still learning Java 8 and many Java developers too. I will also spend some time learning new features of&nbsp;<a href="https://javarevisited.blogspot.com/2018/08/top-5-free-java-8-and-9-courses-for-programmers.html" rel="noopener noreferrer nofollow">Java&nbsp;</a>9,&nbsp;<a href="https://javarevisited.blogspot.sg/2018/03/java-10-released-10-new-features-java.html#axzz5ALJyiIAt" rel="noopener noreferrer nofollow">Java 10</a>, Java 11 in 2020 but for me, Java 8 is still a priority, until I moved to Java 11 which is another LTS release.<br><br>The JDK 9 brings a lot of goodies in terms of modules, Jigsaw, Reactive&nbsp;<a href="http://www.java67.com/2016/03/how-to-use-flatmap-in-java-8-stream.html" rel="noopener noreferrer nofollow">Streams</a>, Process API, HTTP2 client, JShell, and API improvements like collection factory methods and I am really looking forward to learning them at the earliest opportunity.<br><br>Similarly, JDK 10 brings var to give you a flavor of dynamic typing and some GC improvement.<br><br>In the last Udemy 10$ sale, I have purchased a host of courses and one of them is&nbsp;<a href="https://click.linksynergy.com/fs-bin/click?id=JVFxdTr9V80&amp;subid=0&amp;offerid=323058.1&amp;type=10&amp;tmpid=14538&amp;RD_PARM1=https%3A%2F%2Fwww.udemy.com%2Fjava-the-complete-java-developer-course%2F" rel="noopener noreferrer nofollow"><strong>The Complete Java MasterClass</strong></a><strong>,</strong>&nbsp;which is updated for Java 11 and I am looking forward to starting my Java 11 journey with that.<br><br>Btw, if you have yet to start with JDK 8 then here is my list of favorite Java 8 tutorials and courses which you can free of cost:&nbsp;<a href="http://www.java67.com/2014/09/top-10-java-8-tutorials-best-of-lot.html" rel="noopener noreferrer nofollow">10 best tutorial to learn Java 8</a>.</p><p></p><p><a href="https://medium.com/swlh/10-things-java-developer-should-learn-in-2019-5e0cf388e07f" rel="noopener noreferrer nofollow">https://medium.com/swlh/10-things-java-developer-should-learn-in-2019-5e0cf388e07f</a></p>', '10 Things Java Developer Should Learn in 2020', '08988379-4ed8-44ec-bfec-eb3301bda635', '81d42368-325e-4eb8-b389-699173d39665');
--
--
-- ALTER TABLE public.users ENABLE TRIGGER ALL;
-- ALTER TABLE public.uploads ENABLE TRIGGER ALL;
-- COMMIT;