BEGIN;
ALTER TABLE public.users DISABLE TRIGGER ALL;
ALTER TABLE public.uploads DISABLE TRIGGER ALL;
-- now the RI over table b is disabled

INSERT INTO public.users (id, created_at, deleted_at, updated_at, username, email, phone, password, role, first_name, last_name, full_name, birthday, city, country, image_url, bg_url, activation_key, reset_key, enabled, locked, image_upload_id, bg_upload_id) VALUES ('9f6b0aee-cde1-48f8-8129-6f0111a7ac58', '2019-11-06 19:24:16.737385', null, '2019-11-06 19:25:37.562939', 'JaneDoe', 'jane.doe@example.com', null, '$2a$10$pI/M3vfUl.LBm1RUk1Uj4eyErnxYeToTCrmAF0JHm0yDAOiJ5.TfG', 'USER', 'Jane', 'Doe', 'Jane Doe', '2019-11-06 19:25:36.095000', 'Bialystok', 'PL', 'https://www.googleapis.com/download/storage/v1/b/devnews-image-bucket/o/a6c4c440-0d83-41f3-834b-5d23f550d19e-avatar.jpg?generation=1573064720611859&alt=media', 'https://www.googleapis.com/download/storage/v1/b/devnews-image-bucket/o/c8290c96-1ed8-411a-ac0a-74de0b05933c-backround.jpg?generation=1573064723637201&alt=media', null, null, true, false, 'e8d51aca-7f7e-4228-8676-724b845e702b', '178de793-5284-482e-8741-094d17beebf1');
INSERT INTO public.users (id, created_at, deleted_at, updated_at, username, email, phone, password, role, first_name, last_name, full_name, birthday, city, country, image_url, bg_url, activation_key, reset_key, enabled, locked, image_upload_id, bg_upload_id) VALUES ('08988379-4ed8-44ec-bfec-eb3301bda635', '2019-11-06 19:26:14.230756', null, '2019-11-06 19:26:52.374271', 'JohnDoe', 'john.doe@example.com', null, '$2a$10$LlVp1wmHx4ahnS9qDIVxRex17xErPkSHDa/6DzfneqqET5Z56ehgC', 'USER', 'John', 'Doe', 'John Doe', '2019-11-06 19:26:50.708000', 'Bialystok', 'PL', 'https://www.googleapis.com/download/storage/v1/b/devnews-image-bucket/o/a852570e-5626-4e0f-8f60-f6bd7e530151-guardians_of_the_galaxy_enot_oruzhie_agressiya_104117_3840x2400.jpg?generation=1573064800288384&alt=media', 'https://www.googleapis.com/download/storage/v1/b/devnews-image-bucket/o/9781d333-8679-4f5e-b8e7-547eb6dadcc3-deer_art_vector_134088_3840x2400.jpg?generation=1573064802922147&alt=media', null, null, true, false, '0b83a14c-411b-4b1a-b051-92f17e82cedf', '2c82ef9d-2cc2-4b5d-8759-0e3f71d1d24d');

INSERT INTO public.uploads (id, created_at, deleted_at, updated_at, url, bucket, filename, generation, user_id, post_id) VALUES ('e8d51aca-7f7e-4228-8676-724b845e702b', '2019-11-06 19:25:20.880362', null, '2019-11-06 19:24:25.302626', 'https://www.googleapis.com/download/storage/v1/b/devnews-image-bucket/o/a6c4c440-0d83-41f3-834b-5d23f550d19e-avatar.jpg?generation=1573064720611859&alt=media', 'devnews-image-bucket', 'a6c4c440-0d83-41f3-834b-5d23f550d19e-avatar.jpg', 1573064720611859, '08988379-4ed8-44ec-bfec-eb3301bda635', null);
INSERT INTO public.uploads (id, created_at, deleted_at, updated_at, url, bucket, filename, generation, user_id, post_id) VALUES ('178de793-5284-482e-8741-094d17beebf1', '2019-11-06 19:25:23.744076', null, '2019-11-06 19:25:20.882787', 'https://www.googleapis.com/download/storage/v1/b/devnews-image-bucket/o/c8290c96-1ed8-411a-ac0a-74de0b05933c-backround.jpg?generation=1573064723637201&alt=media', 'devnews-image-bucket', 'c8290c96-1ed8-411a-ac0a-74de0b05933c-backround.jpg', 1573064723637201, '08988379-4ed8-44ec-bfec-eb3301bda635', null);
INSERT INTO public.uploads (id, created_at, deleted_at, updated_at, url, bucket, filename, generation, user_id, post_id) VALUES ('0b83a14c-411b-4b1a-b051-92f17e82cedf', '2019-11-06 19:26:40.407282', null, '2019-11-06 19:26:23.524292', 'https://www.googleapis.com/download/storage/v1/b/devnews-image-bucket/o/a852570e-5626-4e0f-8f60-f6bd7e530151-guardians_of_the_galaxy_enot_oruzhie_agressiya_104117_3840x2400.jpg?generation=1573064800288384&alt=media', 'devnews-image-bucket', 'a852570e-5626-4e0f-8f60-f6bd7e530151-guardians_of_the_galaxy_enot_oruzhie_agressiya_104117_3840x2400.jpg', 1573064800288384, '08988379-4ed8-44ec-bfec-eb3301bda635', null);
INSERT INTO public.uploads (id, created_at, deleted_at, updated_at, url, bucket, filename, generation, user_id, post_id) VALUES ('2c82ef9d-2cc2-4b5d-8759-0e3f71d1d24d', '2019-11-06 19:26:43.106826', null, '2019-11-06 19:26:23.524292', 'https://www.googleapis.com/download/storage/v1/b/devnews-image-bucket/o/9781d333-8679-4f5e-b8e7-547eb6dadcc3-deer_art_vector_134088_3840x2400.jpg?generation=1573064802922147&alt=media', 'devnews-image-bucket', '9781d333-8679-4f5e-b8e7-547eb6dadcc3-deer_art_vector_134088_3840x2400.jpg', 1573064802922147, '08988379-4ed8-44ec-bfec-eb3301bda635', null);

-- John owner
insert into public.groups (id, name, value, owner_id, bg_url, image_url, created_at, about) values ('971e691f-a854-44d6-8fd2-4f84efa4ebef', 'Stim', 'crandals4', '08988379-4ed8-44ec-bfec-eb3301bda635', 'http://dummyimage.com/1920x1080.bmp/dddddd/000000', 'http://dummyimage.com/400x400.jpg/ff4444/ffffff', '2019-11-01 09:38:14', 'Nunc rhoncus dui vel sem. Sed sagittis. Nam congue, risus semper porta volutpat, quam pede lobortis ligula, sit amet eleifend pede libero quis orci. Nullam molestie nibh in lectus. Pellentesque at nulla. Suspendisse potenti.');
insert into public.groups (id, name, value, owner_id, bg_url, image_url, created_at, about) values ('d94a5fa8-116f-4be7-942a-20f00caf0fb5', 'Tampflex', 'sglasspool5', '08988379-4ed8-44ec-bfec-eb3301bda635', 'http://dummyimage.com/1920x1080.png/dddddd/000000', 'http://dummyimage.com/400x400.png/5fa2dd/ffffff', '2019-06-30 02:14:34', 'Suspendisse potenti. Nullam porttitor lacus at turpis. Donec posuere metus vitae ipsum. Aliquam non mauris. Morbi non lectus. Aliquam sit amet diam in magna bibendum imperdiet.');
insert into public.groups (id, name, value, owner_id, bg_url, image_url, created_at, about) values ('e22979d7-0fa3-44f1-8bc7-e2094a6068be', 'Viva', 'wdoll6', '08988379-4ed8-44ec-bfec-eb3301bda635', 'http://dummyimage.com/1920x1080.jpg/cc0000/ffffff', 'http://dummyimage.com/400x400.jpg/5fa2dd/ffffff', '2019-02-20 11:00:17', 'Donec ut mauris eget massa tempor convallis. Nulla neque libero, convallis eget, eleifend luctus, ultricies eu, nibh. Quisque id justo sit amet sapien dignissim vestibulum. Vestibulum ante ipsum primis in faucibus orci luctus et ultrices posuere cubilia Curae; Nulla dapibus dolor vel est. Donec odio justo, sollicitudin ut, suscipit a, feugiat et, eros. Vestibulum ac est lacinia nisi venenatis tristique. Fusce congue, diam id ornare imperdiet, sapien urna pretium nisl, ut volutpat sapien arcu sed augue. Aliquam erat volutpat. In congue.');
insert into public.groups (id, name, value, owner_id, bg_url, image_url, created_at, about) values ('5f3cfcea-3af8-40d5-a3b5-abd8053d7134', 'Asoka', 'dfacchini7', '08988379-4ed8-44ec-bfec-eb3301bda635', 'http://dummyimage.com/1920x1080.bmp/cc0000/ffffff', 'http://dummyimage.com/400x400.bmp/5fa2dd/ffffff', '2019-03-23 06:18:41', 'In blandit ultrices enim. Lorem ipsum dolor sit amet, consectetuer adipiscing elit. Proin interdum mauris non ligula pellentesque ultrices. Phasellus id sapien in sapien iaculis congue. Vivamus metus arcu, adipiscing molestie, hendrerit at, vulputate vitae, nisl. Aenean lectus. Pellentesque eget nunc. Donec quis orci eget orci vehicula condimentum.');
insert into public.groups (id, name, value, owner_id, bg_url, image_url, created_at, about) values ('8d97865e-4ef9-4512-a9b1-6c81b1580e78', 'Zamit', 'lduckerin8', '08988379-4ed8-44ec-bfec-eb3301bda635', 'http://dummyimage.com/1920x1080.png/5fa2dd/ffffff', 'http://dummyimage.com/400x400.bmp/cc0000/ffffff', '2019-07-19 15:02:22', 'Nulla facilisi. Cras non velit nec nisi vulputate nonummy. Maecenas tincidunt lacus at velit. Vivamus vel nulla eget eros elementum pellentesque. Quisque porta volutpat erat. Quisque erat eros, viverra eget, congue eget, semper rutrum, nulla. Nunc purus. Phasellus in felis.');
insert into public.groups (id, name, value, owner_id, bg_url, image_url, created_at, about) values ('c6e7e388-c2da-4c7b-836c-266a623a9935', 'Tin', 'kmacgilrewy9', '08988379-4ed8-44ec-bfec-eb3301bda635', 'http://dummyimage.com/1920x1080.png/ff4444/ffffff', 'http://dummyimage.com/400x400.png/dddddd/000000', '2019-10-31 07:07:31', 'Vestibulum ante ipsum primis in faucibus orci luctus et ultrices posuere cubilia Curae; Duis faucibus accumsan odio. Curabitur convallis. Duis consequat dui nec nisi volutpat eleifend. Donec ut dolor. Morbi vel lectus in quam fringilla rhoncus. Mauris enim leo, rhoncus sed, vestibulum sit amet, cursus id, turpis. Integer aliquet, massa id lobortis convallis, tortor risus dapibus augue, vel accumsan tellus nisi eu orci. Mauris lacinia sapien quis libero. Nullam sit amet turpis elementum ligula vehicula consequat.');
insert into public.groups (id, name, value, owner_id, bg_url, image_url, created_at, about) values ('4fe2f78a-2fb9-4e45-8f6f-e6a1c00c5b58', 'Veribet', 'dvanyarkina', '08988379-4ed8-44ec-bfec-eb3301bda635', 'http://dummyimage.com/1920x1080.jpg/cc0000/ffffff', 'http://dummyimage.com/400x400.png/5fa2dd/ffffff', '2019-11-17 00:07:55', 'Vestibulum quam sapien, varius ut, blandit non, interdum in, ante. Vestibulum ante ipsum primis in faucibus orci luctus et ultrices posuere cubilia Curae; Duis faucibus accumsan odio. Curabitur convallis. Duis consequat dui nec nisi volutpat eleifend. Donec ut dolor. Morbi vel lectus in quam fringilla rhoncus. Mauris enim leo, rhoncus sed, vestibulum sit amet, cursus id, turpis. Integer aliquet, massa id lobortis convallis, tortor risus dapibus augue, vel accumsan tellus nisi eu orci.');
insert into public.groups (id, name, value, owner_id, bg_url, image_url, created_at, about) values ('ee87fb9e-c38e-4934-b9ba-7e658df05824', 'Latlux', 'vmiddasb', '08988379-4ed8-44ec-bfec-eb3301bda635', 'http://dummyimage.com/1920x1080.jpg/ff4444/ffffff', 'http://dummyimage.com/400x400.png/ff4444/ffffff', '2019-09-01 05:49:39', 'Donec semper sapien a libero. Nam dui. Proin leo odio, porttitor id, consequat in, consequat ut, nulla. Sed accumsan felis. Ut at dolor quis odio consequat varius. Integer ac leo. Pellentesque ultrices mattis odio. Donec vitae nisi. Nam ultrices, libero non mattis pulvinar, nulla pede ullamcorper augue, a suscipit nulla elit ac nulla.');
insert into public.groups (id, name, value, owner_id, bg_url, image_url, created_at, about) values ('d3fb10ca-ad73-496b-9222-50cfc4c3a29d', 'Span', 'bwagerc', '08988379-4ed8-44ec-bfec-eb3301bda635', 'http://dummyimage.com/1920x1080.png/cc0000/ffffff', 'http://dummyimage.com/400x400.bmp/dddddd/000000', '2020-01-01 14:22:18', 'Aenean auctor gravida sem. Praesent id massa id nisl venenatis lacinia. Aenean sit amet justo. Morbi ut odio. Cras mi pede, malesuada in, imperdiet et, commodo vulputate, justo. In blandit ultrices enim. Lorem ipsum dolor sit amet, consectetuer adipiscing elit.');
insert into public.groups (id, name, value, owner_id, bg_url, image_url, created_at, about) values ('a1666378-761a-4b3e-bcd9-c5bf4a4cc94e', 'Stronghold', 'llawesd', '08988379-4ed8-44ec-bfec-eb3301bda635', 'http://dummyimage.com/1920x1080.png/5fa2dd/ffffff', 'http://dummyimage.com/400x400.jpg/dddddd/000000', '2019-03-20 01:00:21', 'Phasellus in felis. Donec semper sapien a libero. Nam dui. Proin leo odio, porttitor id, consequat in, consequat ut, nulla. Sed accumsan felis. Ut at dolor quis odio consequat varius. Integer ac leo. Pellentesque ultrices mattis odio.');
insert into public.groups (id, name, value, owner_id, bg_url, image_url, created_at, about) values ('2b07aa8e-466f-42bd-a544-cf494a35035f', 'Kanlam', 'eprinne', '08988379-4ed8-44ec-bfec-eb3301bda635', 'http://dummyimage.com/1920x1080.bmp/dddddd/000000', 'http://dummyimage.com/400x400.bmp/dddddd/000000', '2019-04-27 02:31:14', 'Donec ut dolor. Morbi vel lectus in quam fringilla rhoncus. Mauris enim leo, rhoncus sed, vestibulum sit amet, cursus id, turpis. Integer aliquet, massa id lobortis convallis, tortor risus dapibus augue, vel accumsan tellus nisi eu orci. Mauris lacinia sapien quis libero. Nullam sit amet turpis elementum ligula vehicula consequat. Morbi a ipsum. Integer a nibh. In quis justo.');
insert into public.groups (id, name, value, owner_id, bg_url, image_url, created_at, about) values ('f2b8afa2-7809-4cff-be2c-e23f73a9448f', 'Span', 'sbygreavesf', '08988379-4ed8-44ec-bfec-eb3301bda635', 'http://dummyimage.com/1920x1080.bmp/cc0000/ffffff', 'http://dummyimage.com/400x400.bmp/dddddd/000000', '2019-07-19 08:27:24', 'Vivamus in felis eu sapien cursus vestibulum. Proin eu mi. Nulla ac enim. In tempor, turpis nec euismod scelerisque, quam turpis adipiscing lorem, vitae mattis nibh ligula nec sem. Duis aliquam convallis nunc. Proin at turpis a pede posuere nonummy. Integer non velit. Donec diam neque, vestibulum eget, vulputate ut, ultrices vel, augue. Vestibulum ante ipsum primis in faucibus orci luctus et ultrices posuere cubilia Curae; Donec pharetra, magna vestibulum aliquet ultrices, erat tortor sollicitudin mi, sit amet lobortis sapien sapien non mi.');
insert into public.groups (id, name, value, owner_id, bg_url, image_url, created_at, about) values ('a79ac0a8-3c47-41ad-b528-da4185f261ce', 'Voyatouch', 'sborrottg', '08988379-4ed8-44ec-bfec-eb3301bda635', 'http://dummyimage.com/1920x1080.bmp/5fa2dd/ffffff', 'http://dummyimage.com/400x400.png/5fa2dd/ffffff', '2019-03-11 22:30:59', 'Nulla ac enim. In tempor, turpis nec euismod scelerisque, quam turpis adipiscing lorem, vitae mattis nibh ligula nec sem. Duis aliquam convallis nunc. Proin at turpis a pede posuere nonummy. Integer non velit. Donec diam neque, vestibulum eget, vulputate ut, ultrices vel, augue. Vestibulum ante ipsum primis in faucibus orci luctus et ultrices posuere cubilia Curae; Donec pharetra, magna vestibulum aliquet ultrices, erat tortor sollicitudin mi, sit amet lobortis sapien sapien non mi.');
insert into public.groups (id, name, value, owner_id, bg_url, image_url, created_at, about) values ('0cb365bb-a787-4bbc-99fb-a62e11d48abf', 'Treeflex', 'dshankleh', '08988379-4ed8-44ec-bfec-eb3301bda635', 'http://dummyimage.com/1920x1080.jpg/5fa2dd/ffffff', 'http://dummyimage.com/400x400.png/dddddd/000000', '2019-05-03 13:37:01', 'Duis mattis egestas metus. Aenean fermentum. Donec ut mauris eget massa tempor convallis. Nulla neque libero, convallis eget, eleifend luctus, ultricies eu, nibh. Quisque id justo sit amet sapien dignissim vestibulum. Vestibulum ante ipsum primis in faucibus orci luctus et ultrices posuere cubilia Curae; Nulla dapibus dolor vel est. Donec odio justo, sollicitudin ut, suscipit a, feugiat et, eros.');
insert into public.groups (id, name, value, owner_id, bg_url, image_url, created_at, about) values ('db9d3b57-1293-4474-b9d3-8f34cede6df7', 'Job', 'jlaurenceaui', '08988379-4ed8-44ec-bfec-eb3301bda635', 'http://dummyimage.com/1920x1080.jpg/cc0000/ffffff', 'http://dummyimage.com/400x400.bmp/5fa2dd/ffffff', '2019-12-24 08:05:21', 'Integer ac neque. Duis bibendum. Morbi non quam nec dui luctus rutrum. Nulla tellus. In sagittis dui vel nisl. Duis ac nibh. Fusce lacus purus, aliquet at, feugiat non, pretium quis, lectus. Suspendisse potenti. In eleifend quam a odio. In hac habitasse platea dictumst.');
insert into public.groups (id, name, value, owner_id, bg_url, image_url, created_at, about) values ('c915fca6-de0b-42fb-88e4-54249e0f8694', 'Home Ing', 'jriggollj', '08988379-4ed8-44ec-bfec-eb3301bda635', 'http://dummyimage.com/1920x1080.png/5fa2dd/ffffff', 'http://dummyimage.com/400x400.bmp/5fa2dd/ffffff', '2019-02-09 21:49:55', 'In est risus, auctor sed, tristique in, tempus sit amet, sem. Fusce consequat. Nulla nisl. Nunc nisl. Duis bibendum, felis sed interdum venenatis, turpis enim blandit mi, in porttitor pede justo eu massa. Donec dapibus. Duis at velit eu est congue elementum. In hac habitasse platea dictumst. Morbi vestibulum, velit id pretium iaculis, diam erat fermentum justo, nec condimentum neque sapien placerat ante. Nulla justo.');
insert into public.groups (id, name, value, owner_id, bg_url, image_url, created_at, about) values ('a2a6ef5c-74e7-4aad-9dc4-9aaa89c3612e', 'Bitchip', 'gwoolmingtonk', '08988379-4ed8-44ec-bfec-eb3301bda635', 'http://dummyimage.com/1920x1080.bmp/5fa2dd/ffffff', 'http://dummyimage.com/400x400.bmp/cc0000/ffffff', '2019-08-29 14:10:00', 'Integer ac neque. Duis bibendum. Morbi non quam nec dui luctus rutrum. Nulla tellus. In sagittis dui vel nisl. Duis ac nibh. Fusce lacus purus, aliquet at, feugiat non, pretium quis, lectus. Suspendisse potenti. In eleifend quam a odio.');


-- Jane Groups
-- owner
insert into public.groups (id, name, value, owner_id, bg_url, image_url, created_at, about) values ('81d42368-325e-4eb8-b389-699173d39665', 'Zamit', 'mparkman3', '9f6b0aee-cde1-48f8-8129-6f0111a7ac58', 'http://dummyimage.com/1920x1080.bmp/5fa2dd/ffffff', 'http://dummyimage.com/400x400.png/5fa2dd/ffffff', '2019-04-02 02:18:28', 'Nulla tempus. Vivamus in felis eu sapien cursus vestibulum. Proin eu mi. Nulla ac enim. In tempor, turpis nec euismod scelerisque, quam turpis adipiscing lorem, vitae mattis nibh ligula nec sem. Duis aliquam convallis nunc. Proin at turpis a pede posuere nonummy.');
-- subs
insert into public.groups (id, name, value, owner_id, bg_url, image_url, created_at, about) values ('f3649c31-1a47-49fc-af23-60884df95ae8', 'Wrapsafe', 'mmathonnet0', '08988379-4ed8-44ec-bfec-eb3301bda635', 'http://dummyimage.com/1920x1080.jpg/dddddd/000000', 'http://dummyimage.com/400x400.jpg/dddddd/000000', '2019-08-21 10:14:56', 'In blandit ultrices enim. Lorem ipsum dolor sit amet, consectetuer adipiscing elit. Proin interdum mauris non ligula pellentesque ultrices. Phasellus id sapien in sapien iaculis congue. Vivamus metus arcu, adipiscing molestie, hendrerit at, vulputate vitae, nisl. Aenean lectus. Pellentesque eget nunc. Donec quis orci eget orci vehicula condimentum. Curabitur in libero ut massa volutpat convallis. Morbi odio odio, elementum eu, interdum eu, tincidunt in, leo.');
insert into public.groups (id, name, value, owner_id, bg_url, image_url, created_at, about) values ('f72afb5e-e955-4eb1-bf84-a15f947508e3', 'Pannier', 'alunk1', '08988379-4ed8-44ec-bfec-eb3301bda635', 'http://dummyimage.com/1920x1080.bmp/dddddd/000000', 'http://dummyimage.com/400x400.jpg/ff4444/ffffff', '2019-07-06 03:08:14', 'In hac habitasse platea dictumst. Etiam faucibus cursus urna. Ut tellus. Nulla ut erat id mauris vulputate elementum. Nullam varius. Nulla facilisi. Cras non velit nec nisi vulputate nonummy. Maecenas tincidunt lacus at velit. Vivamus vel nulla eget eros elementum pellentesque.');
insert into public.groups (id, name, value, owner_id, bg_url, image_url, created_at, about) values ('ee9a362b-b472-428d-b9f3-8e703dd133c5', 'Stim', 'nliven2', '08988379-4ed8-44ec-bfec-eb3301bda635', 'http://dummyimage.com/1920x1080.bmp/dddddd/000000', 'http://dummyimage.com/400x400.png/cc0000/ffffff', '2019-01-22 15:05:53', 'In eleifend quam a odio. In hac habitasse platea dictumst. Maecenas ut massa quis augue luctus tincidunt. Nulla mollis molestie lorem. Quisque ut erat. Curabitur gravida nisi at nibh. In hac habitasse platea dictumst. Aliquam augue quam, sollicitudin vitae, consectetuer eget, rutrum at, lorem.');

insert into public.group_user (user_id, group_id) values ('9f6b0aee-cde1-48f8-8129-6f0111a7ac58', 'f3649c31-1a47-49fc-af23-60884df95ae8');
insert into public.group_user (user_id, group_id) values ('9f6b0aee-cde1-48f8-8129-6f0111a7ac58', 'f72afb5e-e955-4eb1-bf84-a15f947508e3');
insert into public.group_user (user_id, group_id) values ('9f6b0aee-cde1-48f8-8129-6f0111a7ac58', 'ee9a362b-b472-428d-b9f3-8e703dd133c5');



ALTER TABLE public.users ENABLE TRIGGER ALL;
ALTER TABLE public.uploads ENABLE TRIGGER ALL;
COMMIT;